{
    "predict_bleu-4": 87.12368491484186,
    "predict_model_preparation_time": 0.0036,
    "predict_rouge-1": 90.18653698296838,
    "predict_rouge-2": 0.0,
    "predict_rouge-l": 90.18653698296838,
    "predict_runtime": 388.7537,
    "predict_samples_per_second": 1.057,
    "predict_steps_per_second": 0.53
}